biosample_id_namespace	biosample_local_id	subject_id_namespace	subject_local_id
demo:proj1	bio001	demo:proj1	subj001
demo:proj1	bio002	demo:proj1	subj002
cfde:kidsfirst	QC9XMFT8	cfde:kidsfirst	5F58RQJC
cfde:sparc	N:dataset:9aaa206c-a49d-4c3f-b1e3-1aca9eb3208a_cat12_default	cfde:sparc	N:dataset:9aaa206c-a49d-4c3f-b1e3-1aca9eb3208a_cat12
cfde:sparc	N:dataset:8912fa28-8f9c-4851-8de8-bc0c788bf67b_P1700_P1700-RAGP-S4	cfde:sparc	N:dataset:8912fa28-8f9c-4851-8de8-bc0c788bf67b_P1700
cfde:kidsfirst	78WMYFPB	cfde:kidsfirst	F8GBEBH4
cfde:kidsfirst	M3Z66SG8	cfde:kidsfirst	RCGXBN7S
cfde:sparc	N:dataset:c46429b9-6db2-40ad-86e5-36ed759a1ee7_default_default	cfde:sparc	N:dataset:c46429b9-6db2-40ad-86e5-36ed759a1ee7_default
cfde:hmp	SRS011584	cfde:hmp	159247771
cfde:hmp	SRS016954	cfde:hmp	159611913
cfde:lincs	PBS-0ngPERml_24h_RepB_CollectionC1	cfde:lincs	MCF10A
cfde:lincs	BMP2-20ngPERml_EGF-20ngPERml_48h_RepB_CollectionC1	cfde:lincs	MCF10A
cfde:lincs	L1000_LINCS_DCIC_2021_FIBR012_MCLF015CN_6H_C12_BRD-K92317137_0.74uM	cfde:lincs	MCLF015CN
cfde:sennet	SNT395.BKBD.366	cfde:sennet	SNT847.GRKS.452
